seqid	start	end
2	128632828	128633261
9	76959014	76959170
7	10932639	10932901
1	131996438	131996724
3	151416478	151416845
10	78456402	78456574
8	6124545	6124744
4	186760571	186760695
10	55080526	55080935
6	22292069	22292313
1	80672043	80672515
7	5436070	5436163
7	17854969	17855107
6	168454535	168454676
7	97684286	97684436
1	196518163	196518391
1	117031950	117032157
8	18870367	18870579
6	25221459	25221569
7	40918914	40919315
8	21993377	21993538
6	127809589	127809800
8	45399201	45399885
7	107079454	107079705
9	86113289	86114008
2	14156259	14156398
1	42236261	42236310
1	82409394	82409893
7	8302547	8302628
10	80436997	80437118
5	44299259	44299351
1	23271985	23272023
1	174773333	174773439
3	55866810	55867096
2	169464081	169464711
3	191214249	191214313
2	78843778	78844162
3	9099723	9099898
9	58266305	58266787
2	188401636	188402095
2	161176611	161177223
2	190354503	190354548
1	140500528	140500613
9	152805285	152805384
2	170146914	170147047
3	34835489	34835880
10	13919645	13919819
1	274368651	274368743
7	729332	729485
7	128483279	128483411
9	108238394	108238593
1	164110801	164111256
1	198139759	198139856
5	10826567	10826827
9	140357911	140357983
5	35282721	35282831
1	156753771	156754169
2	41026229	41026333
2	140371789	140372003
7	167319988	167320086
10	130523356	130523446
6	22319380	22319624
3	94139669	94139749
3	57809563	57809973
7	110772357	110772632
10	115119364	115119611
5	29716448	29717014
1	258370401	258370487
5	115375213	115375306
3	131452467	131452692
1	236118675	236118786
7	167722665	167722759
9	10998376	10998633
9	148365376	148365449
3	14631469	14631513
3	221368090	221368361
2	74390234	74390351
1	237006183	237006274
7	21245988	21246039
10	94378291	94378523
10	82427086	82427148
7	589184	589496
2	179796937	179797846
3	2458792	2458878
1	126976287	126976408
7	23762288	23762361
1	190262694	190262778
10	47140408	47140555
B73V4_ctg182	703634	704150
10	17276342	17276715
1	123180249	123180532
1	213249100	213249190
7	155981895	155981966
9	159004331	159004584
2	117223512	117223550
10	3408825	3409082
3	27433204	27433300
3	9149149	9149407
1	29968807	29968975
5	194874015	194874169
10	68052181	68052485
5	198038162	198038439
1	301082913	301083202
5	67436012	67436070
7	125533613	125533740
1	117676797	117676955
3	209729964	209730115
2	164851511	164851647
1	211197011	211197218
1	232665759	232665888
9	95363673	95363754
2	188517152	188517535
3	194043848	194043977
9	5025235	5025344
1	98069165	98069216
5	202118017	202118150
10	67567995	67568068
7	148174962	148175337
5	86810976	86811092
2	178798984	178799069
2	53778198	53778339
3	153223994	153224064
9	2828441	2828716
10	63043284	63043586
8	80616713	80616779
3	195381665	195381732
5	162541487	162541623
5	1879158	1879402
10	99327162	99327334
6	81595006	81595405
1	252068281	252068428
7	92546426	92546595
2	56091570	56091707
3	63819693	63820571
2	32665929	32666000
2	3124307	3124442
1	272300112	272300254
3	135792870	135792984
3	116827549	116827702
5	21119072	21119277
1	190425837	190426419
1	74067584	74068305
6	95556236	95556367
3	15802934	15803021
1	54482484	54482966
2	91971524	91971683
1	120024818	120024922
2	38089443	38089617
7	182732	182840
2	185482524	185483002
1	67605469	67605542
3	29436689	29436781
2	132229174	132229275
8	163203363	163203743
8	105883206	105883323
7	117827142	117827556
2	53730809	53730921
8	170030936	170031031
9	71834119	71835138
1	252381863	252381950
6	114038665	114038896
2	225766620	225766782
2	123635350	123635821
7	142594271	142594453
2	29403147	29403238
2	35897432	35897844
5	10939773	10939877
1	267905437	267905562
5	60044135	60044208
7	150139539	150139779
1	19427186	19427361
5	144345087	144345157
10	262993	263032
1	239474084	239474886
5	62763221	62763737
10	68894533	68894835
6	116431169	116431324
9	76001193	76001320
1	14752020	14752095
7	20698959	20699000
7	35710875	35711272
8	155333513	155333618
5	79236799	79236893
10	127706939	127707585
5	18302179	18302285
3	29800793	29801272
1	261196290	261196478
7	164476233	164476768
6	112982091	112982482
5	23142149	23142730
2	114030570	114030773
2	238213500	238213846
6	103063576	103063821
3	150921050	150921151
2	162589225	162589311
2	238291763	238291845
1	191077997	191078067
2	185583481	185583591
10	65783404	65783473
6	56859271	56860066
3	203644784	203645014
1	279478257	279478399
3	54850807	54850924
1	16416099	16416201
2	941969	942114
5	67363744	67363825
5	144640261	144640386
2	39490720	39490982
2	11979475	11979740
5	131101593	131101895
7	87371891	87372052
2	48583427	48583675
5	194327443	194327550
2	150987268	150987607
5	191210156	191210267
1	686510	687014
10	82007303	82007353
7	51397164	51397375
1	87094878	87094988
8	163154150	163154328
2	161093068	161093743
5	62481973	62482132
6	66373801	66373893
1	198001620	198001748
10	72354580	72354684
10	96596486	96596689
9	150410048	150410122
9	126282939	126283032
8	45766101	45766234
9	100975700	100975814
7	128705241	128705401
1	209082613	209083104
3	15539147	15539308
1	284475835	284476107
7	124957767	124958244
1	295336605	295336942
2	46233278	46233370
7	43837096	43837513
3	226202247	226202327
1	2424379	2424493
2	217112579	217113171
5	114791758	114792324
10	54296081	54296154
8	167839882	167840031
5	60250877	60250948
8	161049888	161050289
1	204983087	204983408
1	109523036	109523141
9	152432505	152432896
6	28968372	28969386
1	104671812	104671911
1	142164774	142164959
10	117114202	117114276
3	98487530	98487676
8	119057491	119058005
3	7756621	7756815
2	139716654	139717258
3	134796666	134797262
10	36137554	36138058
1	55056575	55056671
7	83693361	83693867
5	101137326	101137927
10	108123398	108123735
10	101431899	101432002
9	127552660	127552910
9	126612660	126613187
3	167840371	167840580
5	166699189	166699281
6	25982750	25983231
3	47562546	47563014
5	45789144	45789269
2	115858089	115858549
9	103542499	103542652
1	149660531	149660593
2	35059670	35060015
7	180487923	180488032
9	65929002	65929711
6	104284775	104284880
3	194065042	194065119
6	16572758	16573379
2	108326180	108326742
8	89430358	89430456
3	23068562	23068942
1	179412117	179412360
3	117753811	117754007
1	26865422	26865504
8	116185360	116185869
6	103139593	103141279
1	252650274	252650381
9	26982280	26982617
3	18214337	18214730
10	66954192	66954300
1	211065325	211065418
8	36120400	36120920
3	168261272	168261356
3	182413090	182413180
5	190971152	190971253
7	26989771	26989901
9	120106003	120106076
6	5913327	5913585
7	64773228	64773388
10	139329371	139329860
9	120346172	120346278
8	115416304	115416350
6	103954941	103955056
2	211146454	211146657
2	101254058	101254240
6	113764519	113764775
3	15799555	15799717
3	210106576	210106639
8	29033707	29033877
6	83863710	83864115
2	184102706	184102788
7	27240662	27240853
3	136995696	136995799
5	163445649	163445860
10	127914111	127914189
7	111198821	111198910
1	211196705	211196912
9	152632790	152633006
10	82659824	82659993
6	169136803	169136878
7	41109577	41109652
8	246025	246144
2	184409433	184409728
8	61802491	61802690
1	208213857	208213908
8	40629272	40629375
9	16559348	16559430
9	41049796	41050081
2	144814358	144814527
10	142440612	142440738
5	148671743	148672564
1	211197619	211197826
5	22369319	22369489
2	15974039	15974115
5	42673314	42673419
1	96473600	96473684
5	72144910	72144985
8	67101819	67101886
6	109089809	109090313
7	98187436	98187642
3	67410248	67410816
5	170717983	170718098
5	220488728	220488827
10	70690058	70690273
9	105559629	105559823
1	190424685	190425172
9	128762856	128763189
9	30494103	30494238
7	8566146	8566234
5	37518931	37519355
8	19375259	19375625
9	89830801	89831210
7	109774193	109774708
6	103063502	103063548
8	178497858	178498143
2	42547445	42547497
5	187595321	187595516
7	173375853	173375979
10	123526390	123526534
7	137605684	137606014
1	244046156	244046471
3	156028219	156028469
8	88652781	88653314
2	129754823	129755147
3	54053595	54053947
7	33474936	33474998
10	25359515	25359986
9	93803654	93803770
2	38051884	38051992
5	217532476	217532850
10	134514542	134514811
9	150974974	150975040
5	112264317	112264460
9	104221275	104221640
3	2475070	2475628
8	141680019	141680173
8	153997152	153997725
9	16584505	16584591
6	45576839	45577340
7	820523	820688
2	15583855	15583967
1	73403629	73403729
1	211197317	211197524
6	40293688	40293847
5	162930494	162930600
7	24347015	24347742
1	234345781	234345887
9	140348132	140348205
3	38313406	38313974
1	275017593	275017717
9	148207904	148207971
7	42566737	42566847
5	151005086	151005159
1	13819863	13820001
9	103736091	103736228
8	84082142	84082349
3	46313975	46314177
4	208177029	208177131
9	32135076	32135204
6	162152646	162152947
9	65207771	65208375
3	229373305	229373556
3	36565063	36565169
5	164508385	164508992
6	46743134	46743517
2	110482979	110483498
1	111888905	111889085
8	143884	144141
5	276940	277200
10	45355592	45355633
7	74386266	74386492
2	156198212	156198630
5	9952508	9952707
9	13385784	13385931
1	228266910	228267071
6	27075584	27075680
1	34115411	34115508
1	63968452	63968556
1	124338181	124338281
7	177856839	177857002
8	124266152	124266245
2	61690630	61690730
1	233000091	233000164
9	39260994	39261249
5	154842077	154842319
10	150750743	150750998
7	27529546	27529968
1	97292154	97292601
7	174349675	174349785
7	14158411	14158634
10	8778293	8778593
1	60225598	60225693
2	139205528	139206017
6	155607895	155608181
6	79458997	79459211
3	190967186	190967274
6	108902747	108902811
3	36814288	36814838
1	54481295	54482026
1	7152983	7153109
2	229721006	229721119
7	31998628	31998919
9	34812376	34812702
5	6792569	6793464
2	223445900	223446133
1	89266870	89266954
2	205696891	205696994
2	136283221	136283449
1	44359889	44359940
5	1841846	1841953
6	95548915	95549046
3	155851014	155851182
1	88019451	88019819
2	244256260	244256366
2	133577407	133577657
7	109801405	109801691
3	160624564	160625397
10	28504691	28504852
3	130504648	130504991
7	182087955	182088289
3	32069374	32069676
6	136169023	136169653
8	121441980	121442328
10	34317188	34317338
10	150259252	150259586
3	208212665	208212814
7	106265132	106265696
10	102423805	102423973
3	55871313	55871592
8	102300025	102300224
9	65334579	65334731
10	106802175	106802241
1	211196420	211196606
8	155563194	155563266
10	51426483	51426672
1	54234506	54234617
8	79541548	79541669
8	107284994	107285374
2	210586267	210586353
1	276272430	276272477
8	149684412	149684553
3	148108089	148108176
3	88591470	88591621
6	114133643	114133809
9	135158091	135158417
3	48859549	48859676
2	152192925	152193069
2	180891525	180891741
5	19010713	19010837
9	36813246	36813427
5	183081375	183081473
1	65199774	65200348
1	79337065	79337166
2	6183084	6183254
10	145142898	145143037
B73V4_ctg51	67625	67926
7	126528774	126528925
1	3781814	3781986
2	35245251	35245368
8	38702695	38702932
5	149176498	149176629
8	152930562	152930897
9	157866534	157866656
1	276234242	276234303
1	260338193	260338260
8	75511486	75511573
2	83262510	83262613
9	154057546	154057742
B73V4_ctg150	1700140	1700473
1	170458243	170458351
2	215149591	215150211
6	131355890	131356203
1	214575685	214576408
3	41312542	41312676
10	130085412	130085577
1	23440564	23440968
8	77921835	77921945
7	164846815	164846898
1	289662694	289662820
5	189733637	189733796
B73V4_ctg129	200923	201284
10	62977205	62977376
5	128677179	128678020
9	136394537	136394639
1	85230021	85230121
3	53262063	53262247
3	93404264	93404438
10	12119911	12119963
6	74657661	74658121
3	192744313	192744570
9	21864508	21865027
1	283561649	283561885
3	54068236	54068571
2	193252988	193253229
1	82415851	82416010
5	159956861	159956925
8	174700925	174701047
3	126579335	126579455
2	38080186	38080362
1	79340510	79340755
2	168250202	168250324
1	250510041	250510087
6	144113847	144114766
2	87871792	87871963
1	212192242	212192542
3	230338867	230338948
7	119298739	119298794
2	28263383	28263776
8	180221322	180221636
10	124671797	124671837
7	163316229	163316427
5	149204264	149204432
10	128100558	128100657
8	158901103	158901322
5	154432272	154432391
8	2436142	2436232
10	144910060	144910092
1	74435912	74436008
6	142264441	142264539
7	136681407	136681493
1	216539838	216540119
1	230856112	230856205
1	12626397	12626581
6	105500347	105500409
7	113747797	113748027
1	248205491	248205556
7	180357753	180357800
1	270395693	270395788
6	145257190	145257669
5	67363474	67363561
10	108522114	108522293
5	84139973	84140016
7	134825856	134826259
7	156416530	156416730
3	183397489	183397680
1	96988146	96988390
2	135370677	135370798
10	89209306	89209368
8	163169191	163169498
9	137004730	137004831
8	74633958	74634114
7	147802150	147802217
1	25714041	25714323
2	88320429	88320583
1	225703577	225703700
2	69236397	69236558
10	139723722	139724123
7	35211583	35211692
2	132675446	132675642
8	83648456	83648562
5	22561823	22562025
1	181336892	181337519
10	59349924	59350491
7	156411060	156411162
5	201809428	201809531
2	114080139	114080342
7	96378803	96379151
9	597116	598274
9	30494387	30494554
7	114215848	114215946
8	113312218	113312635
1	279087158	279087238
1	162245901	162246710
6	149504011	149504575
10	31785063	31785172
5	214359737	214359842
6	169448028	169448099
1	259920584	259920758
5	218344222	218344636
9	12975836	12975992
2	155196220	155196654
7	128478573	128478705
6	288501	289192
6	115292643	115292715
2	202051736	202051818
10	36184513	36184906
7	105800337	105800940
1	244621839	244622317
1	73587650	73587767
9	129377740	129377890
5	96903439	96903585
5	129936756	129936902
1	197112334	197112459
8	178523561	178523651
5	153717495	153717755
1	123277879	123278106
2	162275748	162275816
3	3921905	3922081
6	64835236	64835384
2	105267231	105267332
7	121333270	121333387
8	141819694	141819747
7	107263119	107263394
2	70151739	70151946
8	8639708	8639908
5	222334902	222335554
10	78973936	78974037
5	114792531	114792639
7	122621401	122621487
5	151041475	151042145
7	147039979	147040184
6	53838752	53839018
8	150765045	150765894
1	164033798	164034362
5	114790938	114791168
9	21376251	21377048
2	87863972	87864143
2	124259161	124259282
2	14172050	14172626
1	122596072	122596438
9	144848066	144848199
5	128535980	128536831
1	282499211	282499423
1	257785719	257785890
3	158151648	158151744
7	150685815	150686084
7	155283992	155284080
5	2144567	2144646
3	177504981	177505734
10	13600556	13601417
3	34191557	34191727
10	699794	699900
10	72603313	72603624
7	10932920	10933683
B73V4_ctg150	1704768	1705101
5	135988459	135988852
8	163222579	163222959
3	159335043	159335556
1	201393564	201393747
3	218264599	218264691
2	53170121	53170225
9	97100399	97100550
5	155701883	155701981
3	230988062	230988572
1	161628770	161628835
10	107263989	107264139
7	139424290	139424572
3	182270830	182271037
8	164865357	164865462
1	172406316	172406453
3	35443214	35443333
3	47112282	47112407
6	108382938	108383071
5	80044676	80045005
9	140948310	140948451
2	146980933	146981335
1	279464000	279464140
5	182985138	182985234
1	247755937	247756280
6	20623809	20623899
6	151754044	151754166
8	118472168	118472345
9	100447401	100447522
10	82142199	82142335
7	15186964	15187155
6	74118692	74118862
10	72344531	72344951
5	56213544	56213803
1	60021420	60021545
2	101303988	101304400
1	144965842	144965985
10	63932148	63932284
2	199724607	199724710
8	52427970	52428525
2	102692022	102692180
1	37099180	37099360
7	124483240	124483338
10	94272981	94273126
8	52871871	52872142
1	239882559	239883197
2	237961949	237962003
1	220738875	220739008
2	158042281	158042358
7	15728927	15728996
1	18463427	18463522
5	25342589	25342742
6	167288496	167288666
3	66863361	66863449
8	84833719	84833819
7	162299892	162300114
5	81620671	81620760
8	162680153	162680274
3	181272913	181273041
5	195170549	195170734
2	138680293	138680498
9	42248661	42248822
7	10294915	10295114
5	35441699	35442184
2	14775801	14775858
5	202537086	202537484
10	147470359	147470511
1	6418535	6419452
6	31471504	31471589
7	14158807	14159233
9	152497339	152497766
1	277940746	277940868
6	69606770	69606934
3	177275687	177275780
7	98302884	98303076
5	5618141	5618198
10	114707871	114708476
10	7907535	7907603
7	98086095	98086241
7	108914605	108914699
8	115693182	115693288
2	147973136	147973641
9	20961343	20961538
6	79948200	79948729
3	61023881	61024113
10	85076429	85076676
7	156730241	156730343
2	7834832	7835145
2	49699302	49699389
2	45491151	45491302
1	62961980	62962371
2	181228775	181228845
2	97671633	97672164
5	45260543	45260676
7	153465970	153466158
2	58676624	58676710
3	146370674	146370776
9	143568751	143569200
1	57593254	57593552
2	205732579	205732661
7	122237858	122238019
5	156145247	156145315
10	150179109	150179187
7	139611340	139612106
2	128603431	128603662
6	43617239	43617402
1	295275483	295275632
5	14228417	14228893
7	82165123	82165227
10	15043870	15043913
10	80432373	80432494
5	272854	272979
7	121338099	121338216
2	172427375	172427478
10	54681950	54682027
1	219757882	219758578
5	69073188	69073685
7	16531435	16531544
10	115524595	115524840
1	250603905	250603993
2	19088695	19088803
3	208201550	208201697
9	141206014	141206162
2	32866884	32866992
1	142777859	142778552
5	85944422	85944542
7	43815092	43815458
5	102237934	102238009
2	112935483	112935587
2	135498279	135498336
7	152935848	152936068
3	228194652	228194707
1	220859574	220859710
2	225735612	225735750
1	202910680	202910795
1	304945422	304945482
1	61697133	61697977
10	104306276	104306448
2	6188951	6189099
8	30502269	30502827
8	328603	328703
5	148296286	148296532
3	218263375	218263458
3	193012035	193012355
5	47364959	47365043
1	105311218	105311549
5	34426725	34427141
6	6136704	6136804
9	48314582	48314689
8	162918895	162918994
3	58152987	58153103
6	54796954	54797056
1	286707631	286707675
7	152788210	152788434
3	104374397	104374851
9	18528786	18528881
8	86808493	86808595
1	244272506	244272640
2	199693798	199693901
10	140138434	140138570
9	157958803	157958879
2	226931674	226932011
5	195069239	195069357
7	133922601	133923103
7	35934354	35934410
1	230240209	230240440
6	28846577	28846971
2	216486438	216486535
6	130757432	130757558
3	232194424	232194590
5	142217232	142217492
7	84247252	84247341
5	95187630	95187793
5	39422618	39423056
10	80876897	80877172
1	155174392	155174444
5	79887301	79887576
9	11558545	11558626
2	228812048	228812188
10	139678394	139678687
1	55480327	55480417
2	199418026	199418106
1	299832746	299833382
9	102884927	102885234
3	180975087	180975193
10	110882966	110883165
6	173327412	173327544
8	113371333	113371435
3	75395139	75395218
7	108890770	108891038
7	22605815	22605906
3	7774931	7775126
7	1230567	1230629
2	228837051	228837616
B73V4_ctg3	45862	46144
3	90687576	90687797
3	33394901	33395007
1	148200421	148200544
1	105993743	105993812
3	168046867	168047133
6	3028907	3029044
1	204375703	204376072
1	199877760	199877826
2	32949001	32949064
10	86882954	86883130
6	7674401	7674974
10	119981553	119981652
7	12651392	12652005
3	178076901	178077480
2	147701211	147701364
3	199011162	199011256
7	135068705	135068797
10	131291594	131292020
6	172014856	172015259
10	74490232	74490312
6	54992301	54992473
5	151008314	151008486
1	87041146	87041236
3	230000951	230001107
2	49518072	49518213
5	69075457	69075978
8	168171	168678
9	79545684	79546323
5	40170076	40170418
10	104311057	104311229
2	229259291	229259749
3	146284449	146285109
9	112902053	112902338
3	64805369	64806062
2	112907329	112907808
3	215780953	215781048
2	22813521	22813689
1	177750	177962
3	99534670	99534827
3	14256268	14256551
5	50849742	50850008
3	211448921	211449013
2	60624045	60624151
2	197737074	197737175
2	211686990	211687102
1	288487894	288488314
1	236804226	236804539
9	12379456	12379590
8	94859738	94860021
1	217985417	217985541
8	39060541	39061162
6	49255925	49256006
9	101909279	101909628
3	115219892	115220133
9	142627178	142627223
2	34932521	34932707
7	15674527	15675291
2	193771014	193771103
1	179360868	179361136
2	181229275	181229665
5	69074334	69074831
3	219199636	219199998
2	31501759	31501914
3	59481968	59482079
1	115501036	115501734
6	96368790	96368943
6	386729	386836
5	220611375	220611498
9	15339323	15339879
5	115491232	115491880
2	193443297	193444077
8	71895598	71895985
1	72480533	72480746
3	46560964	46561078
2	231028202	231028261
2	102762859	102763066
3	58042504	58042648
2	169475327	169475466
3	157850976	157851340
5	22370954	22371305
1	192040951	192041050
3	147720145	147720243
2	25577979	25578381
8	160067848	160068507
3	64541362	64541497
7	101942539	101942618
2	171668352	171668513
2	214018681	214019158
5	203616693	203617264
5	160072960	160073062
5	202462589	202462980
1	246019570	246019925
2	204251482	204252007
7	92400981	92401347
9	65190052	65190153
10	135567712	135568256
1	92161766	92161864
B73V4_ctg180	53454	53554
9	103543282	103543341
2	11952749	11953014
9	159003304	159003497
5	136655817	136655898
2	171945596	171945757
3	126702209	126702742
2	148398102	148398226
6	79966840	79967046
6	8562277	8562377
1	107764654	107764760
5	18410998	18411304
6	86005197	86005292
5	216138133	216138455
6	78620457	78620558
9	140450249	140450370
2	185572679	185573108
6	74123101	74123259
6	145386345	145386457
7	99091637	99091720
6	139233578	139233794
5	45697084	45697151
1	35714092	35714154
6	136389583	136389981
7	128588379	128588638
2	169474257	169474387
2	3398730	3398819
3	98022345	98022418
5	41166184	41166300
1	266569445	266569611
9	95769186	95769424
3	182648092	182648149
8	106401586	106402015
7	119799597	119799774
1	61224671	61224970
8	18858589	18858626
8	18858589	18858626
1	172697131	172697435
9	118714186	118714316
9	44817818	44818114
5	90070696	90070965
5	193881236	193881479
5	193881236	193881479
1	305347304	305347570
5	29990005	29990153
1	88699460	88699573
1	88699460	88699573
4	178599370	178599654
9	155284451	155284558
1	92220981	92221039
9	133878656	133878795
9	133878656	133878795
10	122794036	122794102
2	207987771	207988055
6	144387333	144387516
4	224802084	224802122
7	103085397	103085609
2	163512792	163512877
10	10504974	10505190
10	10504974	10505190
3	60290366	60290489
5	190989593	190989895
9	19063613	19063923
1	51124202	51124536
4	147615096	147615263
6	157977877	157978014
10	123329243	123329410
1	266571448	266571529
2	202672710	202672864
4	229211641	229211914
4	238101157	238101259
4	23605920	23606086
3	198390677	198390834
2	132221061	132221348
2	72207960	72208073
8	177657573	177657879
7	171438744	171438901
2	4594791	4595074
6	102935726	102935859
4	162898142	162898222
3	117395278	117395642
1	256136504	256136742
1	68397034	68397398
5	176193644	176193861
5	176193644	176193861
1	303284024	303284272
8	124286712	124287031
3	111415597	111415861
4	241159262	241159385
1	92221788	92222072
5	219009621	219009936
5	219009621	219009936
1	40258779	40259058
5	117647282	117647560
5	117647282	117647560
7	161601771	161601946
1	273666814	273667122
4	5141424	5141580
1	305251325	305251484
7	176880452	176880617
4	184611719	184611888
4	3047278	3047434
1	144835824	144836180
7	48356938	48357282
5	194917784	194918086
2	242155700	242155789
10	12556452	12556599
3	228295904	228296051
4	222307114	222307345
4	179919544	179919700
4	179919544	179919700
3	62654829	62654967
7	149729488	149729551
8	164281910	164282195
1	266337729	266337799
1	266337729	266337799
7	143202266	143202569
6	169458672	169458782
6	169458672	169458782
4	216370379	216370689
4	216370379	216370689
2	68240286	68240582
1	15969566	15969861
4	208871769	208872034
4	208871769	208872034
1	149354179	149354457
2	149888533	149888634
4	192571069	192571369
4	149420286	149420353
3	213746166	213746264
2	92159261	92159552
2	221014532	221014642
10	88838992	88839310
1	237948107	237948153
1	292628442	292628647
1	21681560	21681815
6	163562354	163562558
4	54072559	54072876
3	132537025	132537295
1	203428543	203428841
7	177237975	177238020
9	111944811	111944970
9	143114960	143115116
10	124760312	124760615
1	13593458	13593575
3	196990203	196990338
1	42125106	42125406
2	153731856	153732001
5	220378779	220378875
2	208339400	208339694
4	120124807	120125081
4	120124807	120125081
1	219824243	219824372
4	26920885	26921177
7	154958121	154958299
7	154958121	154958299
4	166473468	166473587
4	166473468	166473587
8	34806225	34806529
6	150501828	150501922
7	176482483	176482524
4	154084662	154084960
2	1967290	1967422
9	114947597	114947670
3	235492433	235492764
9	6861602	6861775
7	117743589	117743888
3	23954001	23954129
4	182763544	182763836
5	194086359	194086415
1	300958297	300958609
4	175126423	175126688
10	3354716	3355299
9	148611947	148612157
8	166749468	166749627
3	176159443	176159736
3	176159443	176159736
7	119599169	119599500
4	28782591	28782669
4	28782591	28782669
6	134337207	134337357
3	224587437	224587747
1	55701147	55701447
9	158409207	158409508
1	227696895	227696941
1	44361212	44361367
2	244354069	244354225
6	116827030	116827127
9	142176978	142177236
2	240017735	240018025
9	157915718	157916009
2	16784855	16785159
7	17946388	17946687
1	186318229	186318507
4	27086101	27086289
2	202333971	202334158
2	202333971	202334158
5	204559968	204560267
2	103892021	103892140
3	210946009	210946064
3	215269221	215269513
4	146567589	146567675
4	146567589	146567675
8	116532619	116532804
6	90931633	90931954
9	28452720	28452914
9	155996089	155996388
6	146935421	146935846
1	279086520	279086799
B73V4_ctg10	739608	739751
B73V4_ctg10	739608	739751
5	61545019	61545071
5	177534258	177534342
9	37792038	37792322
7	19773392	19773488
8	16021591	16022128
8	16021591	16022128
1	279830229	279830436
5	2440141	2440253
6	118964261	118964306
4	205101738	205102015
2	219722760	219722846
2	220589882	220589984
3	157885623	157885837
1	189587083	189587200
5	198590900	198591088
5	197652163	197652445
2	216131987	216132077
8	4837891	4838200
4	24000509	24000594
4	24000509	24000594
7	94952476	94952622
3	51066865	51067074
8	93610374	93610710
2	231450957	231451244
8	109072854	109073149
4	56870222	56870495
4	56870222	56870495
2	208865380	208865471
8	177037049	177037194
5	36177813	36177972
2	31070952	31071283
3	45122445	45122667
8	94269505	94269613
3	210380791	210380949
2	129989027	129989113
3	47342055	47342185
6	66747760	66747911
4	3349634	3349790
7	180061856	180062152
4	236586891	236587008
B73V4_ctg23	41916	42222
5	193497178	193497470
7	113766133	113766447
4	11457530	11457683
1	179007988	179008069
1	216009980	216010090
3	213331991	213332290
10	10834630	10834937
4	241265665	241265835
4	151766955	151767106
4	163907816	163908108
4	163907816	163908108
4	130550923	130551083
2	17577841	17577957
3	194335919	194336143
7	45112256	45112420
9	152378718	152378875
8	106706597	106706813
4	27920176	27920480
4	153229840	153229961
2	1296548	1296855
8	59923190	59923332
9	92563946	92564098
10	104835758	104835837
10	104835758	104835837
3	163303517	163303811
3	163303517	163303811
1	68681101	68681146
1	68681101	68681146
6	118884655	118884922
3	41241496	41241789
7	142701826	142701876
4	147686011	147686061
8	20251757	20252155
4	14038497	14038796
10	62895749	62895907
4	69423407	69423588
4	69423407	69423588
4	146407268	146407519
4	75825243	75825965
3	202359360	202359411
10	4298259	4298566
2	239245154	239245292
6	140524098	140524357
6	140524098	140524357
2	54271149	54271459
9	150281194	150281461
10	89601424	89601579
10	89601424	89601579
3	144964775	144964933
5	173411935	173412128
1	231208630	231208865
7	156962980	156963306
9	140118690	140118775
3	169316495	169316591
5	96281271	96281435
7	176975948	176976068
3	232012598	232012884
4	27887627	27887964
4	23029293	23029570
3	178144218	178144509
4	24401652	24401861
3	200760507	200760772
4	241942380	241942686
4	241942380	241942686
1	281353949	281354135
5	39163620	39163828
10	143267172	143267227
5	81059924	81060082
5	175765990	175766204
4	175081842	175081890
7	155517168	155517239
4	199993057	199993209
3	189120970	189121027
3	189120970	189121027
1	78236940	78237259
4	235614029	235614184
5	41323770	41324102
2	162621809	162621874
2	162621809	162621874
1	78237267	78237321
1	40245818	40245941
4	243649862	243650021
9	51168734	51168857
9	51168734	51168857
10	119226029	119226325
5	17873092	17873348
6	58473862	58474293
6	143879253	143879563
B73V4_ctg10	606792	606994
5	7093464	7093620
2	69934407	69934506
2	69934407	69934506
8	122939341	122939422
7	173799012	173799077
4	225416933	225417244
2	209761129	209761427
7	168414981	168415131
4	16740089	16740179
1	268585881	268586039
3	194186089	194186137
7	88923690	88924095
3	168258158	168258313
1	152995970	152996102
9	21982238	21982534
10	21533084	21533393
10	21533084	21533393
7	172758001	172758123
4	75672617	75672712
6	28269057	28269347
5	780970	781149
8	17870617	17870748
8	17870617	17870748
10	61183137	61183253
1	212685537	212685856
4	200555139	200555196
10	65524861	65525145
5	27321007	27321251
7	132029032	132029294
1	50197599	50197902
4	233907637	233907955
5	178643471	178643582
2	98317414	98317663
4	244894090	244894141
2	204960559	204960864
1	300608796	300608957
3	189964700	189964942
2	75366024	75366317
7	101927479	101927739
7	180298830	180299121
7	15484829	15485031
3	235102623	235102720
3	235102623	235102720
3	129495850	129495948
2	198811929	198812098
1	224159493	224159739
2	145770977	145771325
10	136482480	136482776
8	124262615	124262934
2	3804430	3804715
2	230364194	230364323
2	230364194	230364323
8	168969425	168969591
8	171612172	171612293
7	7390050	7390098
9	122425426	122425515
1	198113649	198113760
6	158321589	158321740
2	2781489	2781529
4	102474806	102474948
4	51247764	51248348
4	51247764	51248348
5	195025166	195025354
5	36901734	36902018
5	147500230	147500550
1	2970063	2970362
1	2970063	2970362
3	198631571	198631712
3	198631571	198631712
4	11918448	11918603
1	257225787	257226022
9	115246325	115246387
4	70227852	70228008
7	138454306	138454781
2	196580693	196580839
3	70919538	70919619
3	70919538	70919619
1	33443250	33443350
4	38709701	38709854
4	244759089	244759251
10	53026932	53027068
10	53026932	53027068
4	239397452	239397804
4	33817550	33817702
1	71432390	71432527
4	168962438	168962869
3	142567090	142567190
6	126847827	126847880
6	126847827	126847880
4	40649639	40649990
10	50394296	50394597
1	242846664	242846772
7	87677314	87677494
3	12050879	12051194
1	11885042	11885392
8	4839700	4840001
3	231616721	231617016
3	96991406	96991716
2	195651117	195651898
10	60801053	60801339
10	60801053	60801339
3	8654078	8654364
3	8654078	8654364
1	239905556	239905811
3	227766710	227766768
2	144411674	144411771
1	74640668	74640862
7	181504194	181504344
4	45973020	45973311
8	176316789	176316901
2	1916441	1916498
4	208588772	208588829
1	41114468	41114557
4	238939153	238939317
1	239936190	239936445
9	128997512	128997648
9	24653220	24653529
5	16768801	16769097
6	166066353	166066439
6	166066353	166066439
7	158753699	158754027
2	6153668	6153967
2	216139940	216140091
9	11750538	11750744
6	166389012	166389160
10	38796891	38797194
9	103763717	103764014
3	138772095	138772385
8	6824732	6825014
5	1911793	1911924
6	90507653	90507810
4	231153695	231153740
3	224009433	224009732
5	81791312	81791539
1	196133694	196133824
4	179502799	179502955
1	43107287	43107348
10	124515579	124515734
3	127119792	127119951
2	18560435	18560585
10	83971784	83971920
10	101423191	101423512
4	238986980	238987051
4	238986980	238987051
6	161700352	161700651
6	161700352	161700651
5	171616349	171616496
10	20881485	20881729
6	86347076	86347344
2	113650193	113650467
2	113650193	113650467
8	18842631	18842831
4	177048828	177048952
5	187596429	187596593
3	175639099	175639318
10	112121612	112121915
4	70542858	70543281
5	4677280	4677404
2	46157250	46157398
3	224992437	224992501
3	48158958	48159110
1	149695059	149695207
3	93974787	93975078
10	111459315	111459372
1	297865579	297865770
1	297865579	297865770
2	241317550	241317686
2	241317550	241317686
7	37775982	37776270
7	37775982	37776270
6	94508391	94508687
7	148270072	148270291
2	204328010	204328286
4	52252327	52252476
1	25111771	25112109
7	33475275	33475519
4	242515042	242515337
1	148175490	148175680
5	41328089	41328215
1	226176144	226176435
1	226176144	226176435
4	232675009	232675304
5	96929303	96929447
3	179081415	179081621
4	165534574	165534651
8	15281064	15281442
9	155891494	155891784
9	155891494	155891784
4	241270428	241270617
10	113226083	113226338
3	223586761	223586876
6	130660449	130660611
5	14854801	14855092
3	58892433	58892490
5	32169163	32169451
9	52212310	52212450
5	219787982	219788251
5	219787982	219788251
4	4817380	4817686
3	21618201	21618357
1	235774997	235775273
3	11821088	11821368
9	157634643	157634802
3	180798509	180798794
1	270842833	270842967
6	105657328	105657466
6	105657328	105657466
5	193226365	193226521
6	136276371	136276498
7	121713575	121713739
2	161353324	161353596
2	161353324	161353596
1	264211930	264212237
2	199422911	199423277
9	49596687	49596982
1	239934638	239934905
6	91657979	91658117
4	166786662	166786946
1	304247639	304247781
4	168869974	168870131
5	217465231	217465476
4	242283615	242283911
4	11648047	11648324
4	11648047	11648324
1	305196039	305196256
5	163822375	163822669
4	88618686	88618736
1	34142048	34142337
2	174365800	174366051
3	234549617	234549672
4	223587539	223587838
7	58181143	58181426
6	1523334	1523430
6	1523334	1523430
10	706265	706352
2	219723438	219723571
4	242155106	242155187
8	56671687	56671841
2	29397036	29397319
7	19779582	19779907
6	166389389	166389504
7	13880475	13880805
3	12832175	12832332
1	192954252	192954406
10	113025684	113025810
10	24914498	24914780
10	24914498	24914780
9	11557835	11557981
1	254299818	254299928
2	9065387	9065496
7	95340910	95341053
7	95340910	95341053
1	7343946	7344222
8	16018878	16019087
5	198873741	198873872
5	198873741	198873872
6	166179484	166179555
6	166179484	166179555
5	221576557	221576957
1	10689145	10689299
5	75376283	75376439
2	3070296	3070411
9	139757168	139757348
6	118964391	118964814
10	119223195	119223446
7	176989822	176989870
5	129810103	129810169
7	101006976	101007054
4	196962003	196962128
10	16403005	16403055
2	243768817	243769118
4	223038252	223038798
4	10755796	10755847
7	132511094	132511480
7	132511094	132511480
10	147381987	147382092
5	77115045	77115341
9	79739038	79739342
8	72534760	72534836
7	25823191	25823419
5	90530869	90531165
2	190767669	190767731
4	207517591	207517649
4	207072378	207072530
4	207072378	207072530
3	45279280	45279588
2	196596424	196596582
3	200459498	200459791
2	138654922	138655233
4	175630007	175630120
1	305909579	305909659
5	210274992	210275101
1	146614199	146614361
4	34697907	34698080
4	34697907	34698080
1	202894803	202894963
1	202894803	202894963
9	72387859	72388156
9	72387859	72388156
6	143307272	143307581
5	162862370	162862717
3	142567242	142567383
9	133977631	133977798
3	210180361	210180472
3	210180361	210180472
1	237842793	237842919
10	104835445	104835540
3	221312548	221312716
3	221312548	221312716
5	207489962	207490056
3	45286885	45287015
10	130362543	130362608
1	142569228	142569344
4	71546204	71546318
1	214724286	214724557
8	164112221	164112544
3	111918410	111918571
10	21899205	21899356
7	148188114	148188374
B73V4_ctg56	96546	96720
B73V4_ctg56	96546	96720
5	53741404	53741493
1	262012392	262012547
7	74382267	74382557
1	36254764	36255212
6	52288053	52288343
6	52288053	52288343
2	38267600	38267758
4	16739902	16739953
4	16739902	16739953
4	239387850	239388063
3	216141050	216141308
1	35025202	35025538
1	149694840	149694999
6	129165434	129165513
9	136383234	136383352
1	74655220	74655487
5	171617457	171617851
1	298223944	298224237
4	199335954	199336247
1	4595175	4595478
1	214674240	214674379
4	209056363	209056523
5	202879967	202880115
1	114471956	114472235
2	173736944	173737105
1	300814681	300814815
7	134719817	134719902
6	147597486	147597595
1	306171129	306171411
2	188382466	188382661
1	246215917	246216079
7	79918362	79918482
6	76049407	76049673
2	50122967	50123121
1	256103873	256104133
6	144066401	144066651
7	168054558	168054724
7	2079255	2079333
7	37912452	37912600
2	202848205	202848433
5	221147613	221148050
10	86459955	86460094
2	41361229	41361487
1	293441502	293441795
2	103787508	103787791
10	16724544	16724656
8	178687441	178687519
7	13830966	13831325
1	305176892	305177109
7	162975526	162975660
2	189458605	189458891
2	189458605	189458891
8	157395911	157395979
10	70787861	70788136
10	70787861	70788136
5	35982861	35983024
10	30685521	30685696
1	193765670	193765741
B73V4_ctg31	719290	719442
1	197129024	197129098
1	197129024	197129098
7	165336969	165337067
1	305196437	305196734
3	36671193	36671269
3	36671193	36671269
5	208648392	208648553
4	238702671	238702775
4	238702671	238702775
5	215344906	215345233
3	196442216	196442417
3	196442216	196442417
B73V4_ctg31	426412	426773
4	21433809	21433976
1	46821639	46821908
4	4816451	4816723
1	250587399	250587456
5	40021355	40021421
8	159313360	159313463
5	199839844	199840111
5	199839844	199840111
9	143664550	143664864
7	133607052	133607195
2	207985478	207985620
B73V4_ctg188	57045	57096
2	75646642	75647044
6	148747779	148747864
B73V4_ctg28	14476	14884
4	165146491	165146557
10	8364634	8364787
10	81443287	81443566
10	142157370	142157618
4	39551319	39551609
4	39551319	39551609
4	125463641	125463804
3	235515713	235515865
2	231382946	231383107
4	55426686	55427001
2	163009381	163009467
1	2992729	2992889
2	5849562	5849738
3	155504258	155504413
7	176603546	176603707
5	97438241	97438536
10	30977907	30978202
5	199839438	199839509
3	159076090	159076194
1	215645258	215645450
9	153107687	153107818
5	7160708	7160819
8	2204622	2204896
4	4165845	4166138
8	4378698	4378988
6	38058739	38058958
10	142457092	142457138
1	209580190	209580253
4	186587641	186587950
4	186587641	186587950
6	26189497	26189745
2	41990991	41991245
4	21348430	21348729
4	69422648	69422844
4	69422648	69422844
4	173927249	173927417
10	13148290	13148570
9	39861969	39862039
4	244893857	244894013
3	205105283	205105426
1	225513446	225513658
5	1118662	1118796
10	134654259	134654603
8	72100810	72101111
3	68069044	68069321
3	68069044	68069321
1	75705320	75705362
9	16746900	16747202
10	3817680	3817793
6	156339417	156339725
5	179890165	179890230
5	179890165	179890230
6	161504791	161504852
5	32304239	32304311
5	32304239	32304311
5	129809896	129810051
10	147617766	147617872
10	147617766	147617872
1	57693839	57693886
10	80407964	80408224
10	144216928	144217151
2	16396691	16396816
4	147447705	147448015
6	157269702	157269828
2	226151944	226152137
9	40491453	40491601
5	1625684	1625965
8	156365646	156365955
6	115327157	115327414
B73V4_ctg205	28452	28498
6	38046821	38046945
9	141092502	141092715
10	147938315	147938475
7	13879708	13879948
1	262544434	262544586
9	49737802	49738087
1	26179007	26179323
6	92020437	92020727
4	150501649	150501931
4	61381982	61382084
1	241910793	241911073
1	241910793	241911073
10	90188229	90188586
1	14018746	14018897
5	39997666	39997815
10	93021898	93022010
7	9122697	9122835
5	84712828	84713023
5	84712828	84713023
5	72936207	72936279
3	205661520	205661587
3	205661520	205661587
9	138966362	138966448
4	235230140	235230337
9	21688269	21688561
9	21688269	21688561
5	2479431	2479711
7	2072218	2072512
3	187602080	187602247
8	165149550	165149806
4	162067634	162067813
2	112752065	112752206
4	47382017	47382345
2	2105317	2105608
2	2105317	2105608
3	188265201	188265519
1	242883677	242883831
2	16086454	16086745
2	16086454	16086745
5	193247586	193247745
7	121689473	121689664
6	122238490	122238644
2	129844324	129844470
2	129844324	129844470
8	97571972	97572152
10	103056100	103056391
8	100004753	100005015
2	43977700	43978000
8	79784832	79785084
5	37753702	37754000
7	158749975	158750090
7	158749975	158750090
2	150226243	150226329
3	71582930	71583383
5	82876032	82876149
10	95859246	95859536
8	142399317	142399613
1	46821951	46821994
9	93170559	93170597
1	195674701	195675036
5	77341843	77342202
1	176357391	176357548
2	132556455	132556611
5	90505630	90505835
9	68756367	68756413
1	284702252	284702459
6	112276888	112277147
5	143108280	143108615
10	127581347	127581607
9	143981084	143981142
4	241910242	241910287
3	185004819	185004919
3	185004819	185004919
10	149189357	149189641
10	9163799	9164492
2	198341860	198342013
5	192353132	192353174
5	1274416	1274503
1	36480505	36480801
4	61381889	61381980
1	13179927	13180018
5	67340339	67340616
8	175052162	175052414
1	297064926	297065085
4	178358311	178358425
4	178358311	178358425
3	99538541	99538808
3	99538541	99538808
4	16328575	16328616
9	150752809	150752863
10	22624747	22625045
6	78257194	78257304
6	78257194	78257304
3	232119593	232119879
3	227768112	227768227
4	180859060	180859352
5	76219891	76220183
5	76219891	76220183
1	28795698	28795984
1	28795698	28795984
4	168602114	168602273
5	7554469	7554793
9	124047686	124047766
1	211484934	211485005
4	39997169	39997483
1	70298605	70298668
1	70298605	70298668
4	20626289	20626335
7	145427161	145427439
7	163439375	163439793
7	165336879	165336967
1	277473905	277474173
1	83653598	83653904
1	161760640	161760817
5	181707997	181708201
2	225516440	225516770
6	149716809	149716922
3	1755009	1755262
3	226312747	226313031
3	226312747	226313031
8	105397975	105398329
6	171228797	171229244
2	27448964	27449134
2	227192528	227192675
1	97333173	97333334
7	167329809	167330108
5	216409733	216410022
5	216409733	216410022
5	177051104	177051373
7	172837088	172837387
5	221108625	221108695
4	34368906	34369164
6	134421651	134421689
4	230205063	230205258
1	304402609	304402745
5	82145596	82145798
7	149800764	149800983
10	144234781	144234946
5	72783637	72783936
6	134461095	134461238
9	49574857	49575156
5	156668638	156668752
7	79918257	79918343
7	79918257	79918343
1	261923867	261924217
1	260627594	260627880
2	226992454	226992678
8	167222193	167222283
1	279089085	279089394
6	105998329	105998551
2	239002203	239002352
2	36244312	36244390
2	36244312	36244390
3	28449582	28449849
1	285700645	285700827
4	104784643	104784760
3	104340010	104340154
3	198221364	198221667
2	16721014	16721166
3	205701023	205701094
4	148720679	148720753
4	148720679	148720753
7	125654649	125654790
5	221111115	221111273
4	231350889	231351012
7	177732339	177732451
5	210039502	210039756
2	5810702	5810778
5	179891199	179891363
6	107630386	107630681
6	107630386	107630681
5	76542270	76542576
3	153783324	153783439
7	148167851	148167939
4	219542404	219542496
5	101140096	101140260
8	59514295	59514456
2	60758787	60759081
6	166378199	166378457
4	16171810	16172141
3	214475049	214475335
7	13882033	13882195
1	157510549	157510680
8	153521355	153521632
10	106518831	106519102
5	74953408	74953546
7	166783956	166784082
9	143579485	143579790
10	130362622	130362738
6	134325958	134326268
1	50800815	50800966
8	170882517	170882581
1	61567576	61567716
6	150511597	150511656
9	14561689	14561948
4	218714587	218714842
3	115690428	115690680
7	171096747	171096891
2	175157453	175157606
9	152295283	152295410
8	160675640	160675694
8	160675640	160675694
9	130549332	130549484
4	20626531	20626732
5	207484471	207484801
8	159576585	159576661
3	168286648	168286808
3	198226098	198226173
1	10551151	10551412
9	152041096	152041397
3	227741180	227741276
2	241878318	241878555
1	190373578	190373647
6	112040157	112040372
1	220214567	220214939
4	162064606	162064894
3	97980716	97980908
9	70152461	70152585
9	70152461	70152585
6	114743921	114744054
9	144136615	144136771
2	1967429	1967471
4	56926274	56926434
3	221798968	221799264
10	108940712	108940888
10	111152933	111153032
1	218580343	218580685
4	37867555	37867722
5	23086070	23086225
4	136259809	136259872
9	13091712	13091863
8	125963488	125963697
9	139881895	139881994
1	235085491	235085525
4	201408344	201408560
5	175414551	175414685
4	190122708	190122962
6	151476692	151477012
4	12968244	12968535
4	12968244	12968535
5	169618072	169618332
1	268096905	268096954
B73V4_ctg51	61147	61604
4	183156253	183156566
4	183156253	183156566
8	100029864	100030057
7	105605960	105606029
3	142187194	142187346
7	15398857	15399124
5	29091941	29092024
5	62500830	62500971
4	74245829	74246125
9	14290196	14290354
3	82423109	82423410
6	124875007	124875112
3	68291471	68291637
6	170978342	170978529
4	56926924	56926969
5	179273759	179273853
2	56090086	56090241
1	295715251	295715294
3	191132844	191133138
4	232003087	232003370
5	173417654	173417767
1	127961814	127962110
6	91582330	91582626
2	219889531	219889867
2	117418550	117418881
1	17700024	17700194
1	17700024	17700194
8	179667934	179668224
8	179667934	179668224
2	45035783	45035890
4	236587023	236587079
8	156791307	156791544
1	250298855	250298944
7	33138828	33139319
1	20613753	20613844
9	10510317	10510802
3	57109854	57109999
3	57109854	57109999
7	31804256	31804366
4	149278683	149278802
10	140372093	140372371
10	144417826	144418078
8	178375378	178375502
B73V4_ctg247	2217	2530
2	194677307	194677587
9	28031528	28031815
8	25187742	25188387
1	214719757	214719869
3	123763608	123763779
7	22238778	22238830
4	241456557	241456679
6	169432326	169432380
1	291272917	291273192
1	291272917	291273192
9	156463935	156464062
9	155135088	155135378
9	16254200	16254321
9	70152873	70153163
2	166207801	166207976
1	205827821	205827916
5	109294061	109294222
6	143066789	143066865
2	57880817	57881045
2	57880817	57881045
2	242171281	242171502
7	15144632	15144785
4	181659882	181660106
1	269116373	269116668
1	52504237	52504576
7	162511288	162511359
6	157683454	157683682
10	127161368	127161784
2	8474190	8474287
1	227703054	227703344
9	129731741	129731936
1	303100462	303100767
4	75530709	75530902
1	294259227	294259539
4	21988112	21988404
2	81976851	81977129
2	81976851	81977129
4	199819769	199819909
8	3626578	3626700
8	3626578	3626700
2	42236771	42237041
4	180066797	180067073
1	157510684	157510810
6	111880913	111881107
9	155302357	155302652
2	85796268	85796397
2	85796268	85796397
5	6555471	6555810
5	10273159	10273481
5	31563812	31564097
2	19910571	19910730
2	19910571	19910730
6	85353141	85353181
1	295756961	295757280
8	18253797	18253901
4	32407340	32407634
2	175098348	175098502
2	135152707	135152969
1	6916345	6916608
2	237596489	237596550
4	240662063	240662167
4	240662063	240662167
7	167822016	167822312
8	180176903	180177446
3	152151271	152151427
4	166287219	166287383
3	217930636	217930944
5	167110737	167110894
9	36382180	36382336
8	64894537	64894682
2	235069617	235069674
7	13831500	13831785
1	31508556	31508814
9	87568235	87568294
9	87568235	87568294
4	179513249	179513361
4	179513249	179513361
6	34424003	34424151
8	154911085	154911380
3	128244713	128244799
4	216758613	216758744
4	241231265	241231404
3	207932232	207932339
4	157331985	157332324
6	169432123	169432306
6	169432123	169432306
5	132605854	132606151
5	215347582	215347622
7	112329655	112329987
10	23904939	23905385
2	210590480	210590728
2	210590480	210590728
5	1274977	1275267
1	280032179	280032293
6	131083953	131084222
6	131083953	131084222
4	20801542	20801841
8	14148221	14148474
8	14148221	14148474
1	203004907	203005008
3	87912029	87912334
6	118137535	118137833
3	175821770	175821963
3	175821770	175821963
7	20576017	20576243
7	157736921	157737029
2	216432497	216432653
3	125969209	125969502
1	262013523	262013588
4	71451867	71451983
4	241259410	241259549
6	151179428	151179693
7	81506256	81506550
2	167637101	167637381
4	240642572	240642727
9	15853919	15854206
9	15853919	15854206
4	118813008	118813250
7	155141645	155141745
4	181548970	181549079
4	199309743	199309884
4	71450312	71450459
5	156481806	156481917
1	61213642	61213806
1	61213642	61213806
10	118305346	118305646
2	44079273	44079382
1	7181598	7181896
1	202079608	202079766
1	279922665	279922739
2	229740125	229740230
1	267031038	267031334
2	11655747	11656024
4	241159625	241159795
4	8098426	8098589
3	161684328	161684420
9	158822535	158822604
2	194014444	194014527
1	271703466	271704017
3	114018475	114018615
10	110582351	110582512
1	182824620	182824738
5	84276776	84277049
6	152604550	152604608
8	104640101	104640232
8	86599384	86599780
4	240295654	240295708
2	226855497	226855705
2	226855497	226855705
2	211466486	211466619
2	211466486	211466619
10	19188641	19188987
4	233905076	233905328
5	38340137	38340371
2	5317823	5318079
3	227393707	227393838
9	58147208	58147334
4	208588153	208588422
3	199911225	199911520
7	129449655	129449947
7	129449655	129449947
1	17969176	17969247
4	151299976	151300272
4	151299976	151300272
1	62513571	62513864
6	124641705	124641976
4	148731315	148731389
4	148731315	148731389
8	164156123	164156197
8	164156123	164156197
6	90888473	90888630
1	120676886	120677222
1	236805347	236805480
1	236805347	236805480
6	134421341	134421581
6	112389029	112389170
8	163167636	163167928
8	163167636	163167928
6	126013979	126014136
4	38947307	38947451
6	170772221	170772451
5	19524581	19524877
4	169001514	169001614
1	81797391	81797544
2	176569266	176569556
4	3202436	3202747
10	88760123	88760323
10	88760123	88760323
1	117627524	117627835
1	117627524	117627835
1	1505331	1505637
3	235434213	235434309
8	172501987	172502149
5	207073696	207073980
3	202320087	202320430
5	194919177	194919431
1	254536883	254537096
1	254536883	254537096
2	224621597	224621760
5	90068579	90068855
7	168537320	168537471
6	147234858	147235100
3	178247054	178247174
2	243477772	243478081
2	243477772	243478081
8	96093095	96093367
8	96093095	96093367
4	27086299	27086460
1	8309913	8310108
1	227695866	227696003
5	221500711	221501009
1	4281200	4281268
3	175044286	175044575
10	127560754	127560924
9	52212491	52212605
6	688883	689074
4	62776903	62777299
7	130348767	130348883
6	110875531	110875636
7	176988824	176989109
1	2633846	2633879
1	2633846	2633879
9	33555787	33556053
9	33555787	33556053
4	36836621	36836832
2	194120704	194120899
3	94335090	94335384
3	8676616	8676760
6	140527529	140527852
8	178413723	178413800
4	165050736	165050987
4	160687354	160687497
2	84498077	84498345
2	84498077	84498345
1	29170951	29171093
3	105965582	105965795
8	122941799	122942463
6	144798722	144798878
2	227136610	227136781
4	163288722	163288917
4	56788767	56789121
4	56788767	56789121
3	97006706	97006986
3	97006706	97006986
3	35725011	35725303
2	231388732	231389023
2	231388732	231389023
5	215263160	215263315
1	251845085	251845135
5	169953551	169953634
2	84069532	84069823
3	19591575	19591793
10	91590491	91590794
3	179082707	179082899
10	21507954	21508244
9	119527169	119527218
3	35460737	35460923
9	116809304	116809415
1	264386560	264386651
6	117166238	117166519
3	68117791	68117978
2	40137190	40137469
6	162146223	162146677
5	75368666	75368812
5	212364416	212364701
5	212364416	212364701
9	150063723	150063849
2	225130666	225131059
10	133102633	133102728
1	37842301	37842603
5	171617897	171618004
10	76307140	76307440
2	92053380	92053426
1	168928525	168928687
2	237898079	237898267
1	38909813	38909855
1	38909813	38909855
1	6831724	6831911
8	37073720	37073837
5	44373826	44374143
5	44373826	44374143
4	241231934	241232101
4	19995561	19995776
1	58270593	58270687
5	176685090	176685382
8	173294467	173294524
4	23606581	23606727
3	6113064	6113176
7	143330023	143330201
8	103508361	103508671
1	36476309	36476484
8	128207354	128207643
1	17357157	17357225
8	18858253	18858413
3	26305783	26306070
3	37997704	37998010
10	81350678	81350820
10	9913917	9914168
10	9913917	9914168
4	155994278	155994574
4	155994278	155994574
1	245000337	245000495
8	130747942	130748375
5	39720460	39720618
1	242872430	242872471
1	142546823	142546939
3	133866377	133866475
3	133866377	133866475
7	169193190	169193238
3	224011451	224011497
1	297866246	297866317
5	138588888	138588972
1	102364616	102364728
7	148171675	148171966
7	178253601	178253821
7	178253601	178253821
1	138707962	138708232
1	297041679	297041722
2	9288260	9288396
5	136808552	136808844
10	101576364	101576508
3	168253190	168253501
5	215513599	215513835
7	112330358	112330897
3	5280295	5280587
8	158310720	158310884
9	23844392	23844539
5	3469315	3469445
4	187909070	187909497
4	240111327	240111536
2	137630026	137630177
1	150294459	150294756
8	127678676	127678953
5	15660293	15660489
3	231133946	231134058
3	231133946	231134058
3	3710214	3710552
6	158349557	158349701
6	139579512	139579662
1	4225369	4225464
1	4225369	4225464
10	89424372	89424469
10	89424372	89424469
7	180534557	180534843
6	108447333	108447638
5	47392311	47392593
5	47392311	47392593
9	135790701	135790855
4	154089271	154089575
1	38561311	38561607
4	34711526	34711825
3	203801701	203801814
8	136503152	136503451
8	136503152	136503451
7	140918912	140919061
3	221448562	221448798
5	10846460	10846681
1	95645122	95645406
10	127518422	127518493
4	149345366	149345416
4	239620293	239620372
10	108433697	108433810
8	110629336	110629443
1	267132811	267132931
1	169039991	169040142
1	169039991	169040142
7	165336513	165336740
4	159919114	159919261
4	668932	669068
B73V4_ctg65	59072	59123
4	193984681	193984780
4	202437233	202437383
1	35024785	35025010
9	64632896	64633025
9	147939092	147939307
6	83982310	83982631
5	164259154	164259253
4	243210685	243210721
4	238986773	238986972
4	238986773	238986972
4	230484231	230484526
4	230484231	230484526
7	155781456	155781609
4	137286571	137286757
2	186350317	186350623
1	6830889	6831159
7	155517279	155517373
3	35516861	35516954
8	109684672	109684827
5	75368835	75368888
9	121692444	121692734
2	21200794	21201083
6	45234368	45234640
8	153967958	153968253
8	153967958	153968253
6	158916007	158916194
10	137922088	137922321
9	1445146	1445309
8	170726157	170726203
8	170726157	170726203
9	153134795	153134840
1	266251091	266251163
8	156106245	156106494
2	241043810	241044119
2	241043810	241044119
5	25838411	25838620
2	117420505	117420796
1	47984635	47984725
8	109080745	109081060
3	43454019	43454121
3	43454019	43454121
9	110204896	110205057
10	21205898	21206215
6	122517324	122517555
8	1022073	1022351
3	188336968	188337333
3	59839230	59839528
3	210385681	210385838
1	306107823	306107934
5	87173090	87173180
9	156977091	156977245
5	32305629	32305783
3	202322189	202322521
4	212849325	212849403
8	126972337	126972574
10	72355139	72355435
1	295620808	295621090
2	145374898	145375012
3	206112303	206112736
1	117622805	117622943
5	37757848	37758144
5	37757848	37758144
2	85451563	85451753
6	70024197	70024448
6	70024197	70024448
4	11460684	11460969
4	11460684	11460969
4	189106525	189106828
9	155950893	155951178
9	117413165	117413468
10	91003182	91003481
3	221415600	221415902
4	90880545	90880705
9	107243752	107243833
4	4803829	4804109
3	202320948	202321142
6	115288560	115288700
5	168438934	168439049
4	181675250	181675338
3	226948204	226948278
9	10110640	10110764
7	15134131	15134218
1	277823987	277824082
6	137349186	137349311
1	198611668	198611817
3	59262009	59262315
1	290785957	290786231
9	147200856	147201065
1	264629774	264630066
9	147199853	147199985
1	216038432	216038578
1	216038432	216038578
3	112312755	112313043
7	166920399	166920543
7	166920399	166920543
1	69028038	69028139
3	11464737	11464880
3	11464737	11464880
9	91364096	91364228
4	18232156	18232188
3	28449893	28449936
7	104444111	104444384
2	225489880	225490171
3	34257850	34258175
1	111882293	111882591
7	174023543	174023953
3	142187349	142187402
2	109233989	109234143
4	4799532	4799830
9	50655258	50655425
5	179618101	179618263
2	225138758	225138904
1	248201260	248201377
1	267132936	267132981
8	171910904	171911049
7	113223047	113223337
2	205018292	205018552
6	112286393	112286687
6	112286393	112286687
9	147316059	147316105
10	146659223	146659393
9	95758714	95758868
4	239536146	239536449
4	38949689	38949825
4	51276522	51276663
2	232355792	232356069
2	232355792	232356069
4	233913052	233913117
6	137257768	137257926
9	156646403	156646565
5	98401931	98402217
4	16822070	16822441
4	16822070	16822441
3	182309826	182309973
9	154131948	154132250
1	201112566	201112682
2	6742025	6742074
3	198223115	198223404
5	160763090	160763236
3	4113033	4113550
3	4113033	4113550
7	5376951	5377109
2	141960154	141960409
5	94210306	94210595
3	57906885	57907026
7	15829224	15829354
4	69408286	69408411
7	155264041	155264318
1	217582449	217582532
1	217582449	217582532
6	101304415	101304541
6	101304415	101304541
1	286791896	286792009
5	164502387	164502537
7	33482913	33483156
4	189228602	189228806
8	155666863	155667068
9	24096074	24096375
10	24893437	24893694
9	149456247	149456408
8	175265274	175265438
8	175265274	175265438
9	125442997	125443106
4	224098059	224098210
10	100228030	100228121
2	192259592	192259889
2	192259592	192259889
6	90508014	90508152
4	199644984	199645330
5	177267806	177267928
6	77841771	77842008
4	50008790	50008923
8	86598586	86598853
8	86598586	86598853
1	286814841	286815064
4	224782244	224782282
8	84656178	84656347
2	176564105	176564392
7	177675745	177676035
3	71582153	71582206
5	7251514	7251663
5	207413587	207413745
4	132404668	132404969
5	80100446	80100745
1	229324219	229324316
4	219341042	219341131
4	219341042	219341131
3	752221	752433
1	168494167	168494305
9	136960469	136960572
2	140745936	140746040
2	70458953	70459093
8	120664626	120664785
4	37195876	37196035
4	47384661	47384995
6	163493341	163493612
8	172513206	172513513
8	172513206	172513513
4	224945629	224945891
4	47199580	47199656
6	126033300	126033522
2	198326981	198327115
9	143666160	143666317
4	187989548	187989717
5	33056334	33056399
4	209920345	209920684
8	52780733	52780794
2	162591202	162591407
4	38709993	38710119
8	8801257	8801440
3	100692908	100693142
2	186228540	186228645
10	127560586	127560749
5	17727319	17727658
4	34371521	34371666
4	34371521	34371666
7	51740333	51740416
5	168438860	168438931
8	59486981	59487173
3	25814212	25814361
5	19336882	19336958
5	19336882	19336958
7	80652210	80652250
3	126367793	126367862
1	44523654	44523947
1	44523654	44523947
1	204755868	204756062
10	127923459	127923753
5	154939598	154939766
2	225338785	225338876
1	211495338	211495446
2	6296076	6296314
2	208322481	208322652
5	194919478	194919517
10	106518242	106518519
10	106518242	106518519
7	162764874	162765156
1	104122534	104122832
9	34473047	34473346
10	71960733	71961040
10	15557919	15558364
10	113472524	113472816
1	293434646	293434808
5	19943855	19944211
5	19943855	19944211
8	77906757	77906913
1	172070071	172070223
2	179131533	179131941
6	23860415	23860480
2	36244084	36244310
2	36244084	36244310
5	206005274	206005386
9	46338312	46338524
9	107244431	107244684
3	173347945	173348213
2	18023731	18024060
3	200683501	200683817
1	198609967	198610159
5	139219049	139219522
6	121797261	121797296
8	174977028	174977160
1	92234523	92234581
5	222946849	222946960
5	222946849	222946960
3	138023285	138023590
2	151853451	151853702
2	151853451	151853702
10	97271205	97271473
10	97271205	97271473
4	23070595	23070776
2	229860504	229860604
7	83014003	83014301
5	12782789	12783041
7	45116411	45116575
9	136495396	136495638
5	212363882	212364045
9	145879455	145879717
9	145879455	145879717
8	45257431	45257740
3	1771139	1771464
4	151297052	151297204
1	2023642	2023723
7	45112425	45112618
4	16171726	16171806
10	6292423	6292746
1	79110039	79110342
1	179601620	179601844
4	176633690	176633790
5	9529071	9529194
8	59925499	59925668
5	160955549	160955699
1	144841117	144841153
3	189121035	189121073
1	298177007	298177300
1	298177007	298177300
1	53144058	53144105
3	192389918	192390215
8	124134584	124134675
4	61496345	61496624
9	122425357	122425424
4	245041619	245041772
8	142839624	142839917
8	142839624	142839917
6	7239414	7239513
5	214755723	214755849
5	36902052	36902282
5	36902052	36902282
5	7377713	7377870
2	239108475	239108594
2	203318961	203318997
2	203318961	203318997
7	144840807	144841069
1	76220708	76220986
2	13383350	13383443
2	13383350	13383443
7	33476707	33477007
10	84545003	84545295
4	184154189	184154287
10	147940912	147941126
6	4930157	4930468
7	117743977	117744274
2	109232207	109232340
2	17737906	17738046
1	76523803	76523936
1	268096957	268097099
1	268096957	268097099
1	2778188	2778357
4	164072587	164072887
4	8468053	8468348
4	8468053	8468348
3	175444203	175444295
10	104360505	104360809
4	217745964	217746263
6	166178419	166178605
1	40165545	40165700
4	240643891	240644002
4	160461228	160461525
3	1323728	1323889
3	163302920	163303503
1	14317694	14317744
1	49817475	49817813
8	146110617	146110731
2	80174020	80174088
5	87150387	87150456
4	3502371	3502673
1	32045677	32045961
1	32045677	32045961
2	111732437	111732704
4	239769284	239769365
5	215587123	215587406
5	215587123	215587406
6	158250632	158250998
5	15272366	15272630
5	91589649	91589708
3	124546081	124546384
9	143534338	143534488
6	157533026	157533434
5	5141226	5141516
5	5141226	5141516
5	200704871	200705160
9	157589805	157590089
8	159557357	159557533
3	178118048	178118186
4	96823475	96823748
5	120453984	120454336
7	180058611	180058846
9	139512854	139512985
2	22565514	22565575
6	91184017	91184325
7	116462429	116462509
1	43106881	43106972
4	187989472	187989528
8	112079124	112079285
5	92901206	92901356
5	92901206	92901356
4	128055632	128055940
1	227547817	227547979
1	227547817	227547979
1	38408674	38408967
1	252522554	252522641
1	252522554	252522641
4	172532565	172532840
4	172532565	172532840
4	4309244	4309539
8	26155140	26155190
8	156080483	156080558
4	181206309	181206644
1	266953206	266953325
1	142540431	142540599
1	142540431	142540599
5	192183732	192183885
9	10208297	10208472
9	143971857	143972085
6	145358966	145359293
10	109226757	109227095
3	150534345	150534670
4	71982657	71982818
3	182049605	182049861
5	35159587	35159799
6	44785643	44785828
4	4804758	4805071
7	109370459	109370794
8	176426493	176426642
3	180316735	180317034
7	165497188	165497447
1	239904004	239904271
7	97549915	97549986
7	68921279	68921419
2	26410700	26411005
7	18329962	18330032
6	110500288	110500389
5	45134025	45134267
4	185513001	185513164
9	70876334	70876495
8	15124620	15124822
4	66969317	66969493
4	66969317	66969493
5	11702527	11702734
10	130121316	130121497
10	130121316	130121497
6	143873698	143873997
1	9258736	9258783
4	39983514	39983699
4	234363651	234364016
4	152672272	152672369
4	58074948	58075131
5	192353273	192353321
9	147959709	147959924
7	157168371	157168487
9	115239980	115240275
7	15403729	15404015
3	223088429	223088506
4	116412281	116412360
2	206004178	206004377
4	165051074	165051191
10	145888867	145888988
7	41118903	41119049
8	173531424	173531544
1	32438673	32438892
4	170378873	170379021
3	224490807	224491008
3	224490807	224491008
4	110367919	110368108
7	15555959	15556431
5	47391736	47391791
2	208766385	208766670
9	144748287	144748350
1	190373928	190374036
4	34698491	34698641
9	130640549	130640865
3	204003380	204003475
1	205992106	205992203
3	66475388	66475751
2	65275178	65275296
B73V4_ctg65	61857	62164
3	232095454	232095558
7	154957676	154958088
8	6822728	6822906
2	45026285	45026412
9	44818163	44818479
5	67951769	67951900
4	62670054	62670133
6	138954365	138954454
6	138954365	138954454
4	73083324	73083369
4	236547891	236548182
5	87832996	87833052
2	22568911	22569110
6	162355764	162356068
1	197138531	197138834
1	197138531	197138834
5	207096809	207097061
9	124812439	124812656
4	227333410	227333814
4	239528472	239528527
1	239904315	239904513
1	239904315	239904513
6	25565825	25565912
6	25565825	25565912
2	229625388	229625483
2	229625388	229625483
4	65309094	65309179
4	65309094	65309179
1	277606582	277606794
4	132911254	132911368
9	134446240	134446281
7	2107814	2107967
8	166753867	166754058
2	38343671	38343835
4	132911424	132911497
3	5283064	5283353
2	79797453	79797671
10	18040840	18041084
1	100637031	100637187
1	229316268	229316408
6	131890511	131890807
8	13136227	13136274
2	220572634	220572931
3	47736880	47737034
1	301668173	301668478
1	301668173	301668478
5	118859942	118860105
2	160695721	160696006
1	9258649	9258728
3	148892047	148892332
6	130780365	130780701
10	104742861	104743148
1	298229090	298229369
1	298229090	298229369
9	21681635	21681879
9	21681635	21681879
1	240867255	240867542
4	18279858	18279918
5	193210612	193210768
10	14654468	14654579
10	14654468	14654579
2	225144221	225144316
5	79234291	79234500
9	22062711	22063002
5	203301623	203301780
9	144425141	144425483
6	162365772	162366052
4	243718807	243718961
10	5416167	5416243
10	91823870	91824137
5	201986541	201986629
5	177877898	177878221
4	147007727	147007895
7	154615058	154615108
8	144163801	144163897
3	115691565	115691714
9	36875983	36876140
10	131082719	131082865
8	121659464	121659747
7	133994616	133994737
1	12371381	12371524
5	204915051	204915197
4	202596476	202596558
10	68740201	68740478
1	25316270	25316587
5	196087567	196087858
3	153888396	153888509
4	242759792	242759949
4	3410336	3410655
4	184664950	184665015
5	220515640	220515952
5	220515640	220515952
9	10866796	10866906
3	92325793	92326087
5	40021087	40021329
5	40021087	40021329
5	79393063	79393129
4	86635097	86635280
4	86635097	86635280
5	217773352	217773483
6	68445759	68445796
3	207692837	207692957
8	164356224	164356473
1	61567386	61567546
2	137906409	137906667
2	137906409	137906667
8	96448563	96448832
3	71581982	71582038
1	254301973	254302102
7	181721493	181721585
7	181721493	181721585
1	282305806	282305878
7	162639588	162639708
8	166897553	166897957
9	111341605	111341881
1	151174150	151174435
5	207955087	207955203
5	10044397	10044696
1	239934949	239935147
1	239934949	239935147
5	176855518	176855618
5	176855518	176855618
3	210767060	210767308
6	41932092	41932366
1	25764786	25765084
1	306165950	306166260
1	305177290	305177587
7	173393091	173393296
7	45513965	45514172
7	156195786	156195824
7	156195786	156195824
6	71145849	71145891
1	129227203	129227383
5	172217047	172217347
3	191715540	191715699
2	224628706	224628968
2	224628706	224628968
2	118061064	118061143
6	122508668	122508829
4	199804402	199804655
4	38139340	38139523
2	2253973	2254048
2	169709710	169709834
2	128181050	128181172
2	128181050	128181172
4	62589413	62589577
10	65526640	65526937
4	82451094	82451255
1	297867324	297867411
2	12285220	12285523
3	210381089	210381220
3	210381089	210381220
3	178097114	178097241
7	13877915	13878213
1	291863307	291863606
2	20226825	20227096
7	180297637	180297928
7	161579831	161580022
8	13136278	13136531
4	202436488	202436645
2	211770514	211770677
2	211770514	211770677
5	66239829	66240114
5	66239829	66240114
2	138651429	138651529
B73V4_ctg141	43124	43394
5	27845969	27846343
10	124756520	124756774
10	20572435	20572739
3	54770087	54770155
4	71982150	71982442
9	72862393	72862664
3	40549493	40549650
2	76074169	76074468
5	81110535	81110829
4	232672924	232673548
3	37931213	37931487
3	219141256	219141404
9	133975647	133975758
9	50416319	50416607
9	155135653	155136309
9	155135653	155136309
3	190659315	190659881
2	194440264	194440379
1	33308407	33308657
3	214953236	214953421
7	102655562	102655702
2	221960198	221960514
4	18435749	18436049
2	5996507	5996575
2	201354868	201354984
9	110050924	110051099
9	110050924	110051099
1	270120282	270120434
2	239889520	239889781
9	152405805	152405861
7	181504365	181504628
10	5414721	5414895
3	182061493	182061583
10	115669207	115669340
10	115669207	115669340
1	279083909	279084244
9	84220418	84220622
1	204953382	204953422
9	7249613	7249898
1	270508997	270509069
3	210764262	210764422
5	150376328	150376382
6	122876712	122876854
4	203502964	203503269
1	81324742	81324853
8	34818637	34818800
2	236076107	236076203
2	142733396	142733711
7	15398447	15398771
6	124559452	124559563
1	248199459	248199575
4	164084301	164084595
3	200454649	200454996
6	147127248	147127313
7	110693854	110694015
4	3342054	3342163
9	134446149	134446194
1	75705020	75705274
6	171235490	171236025
4	116412398	116412456
2	230348129	230348396
2	236923126	236923417
3	231835004	231835332
5	89585701	89586013
5	89585701	89586013
10	116499519	116499926
8	14480796	14480848
10	117000920	117001084
3	225341888	225342057
3	225341888	225342057
8	2435659	2435784
5	187784961	187785141
5	187784961	187785141
9	84818768	84819071
6	101304682	101304957
10	44113302	44113466
10	44113302	44113466
3	44150086	44150168
3	222101441	222101507
7	134778525	134778599
3	229483027	229483202
10	26547153	26547227
8	178003751	178004043
1	9115362	9115483
6	150511658	150512018
6	116921174	116921483
8	177986817	177986972
8	166104304	166104478
2	67662682	67662832
4	159942221	159942376
3	181895722	181896025
2	50133353	50133635
2	64593596	64593816
7	105597698	105597988
7	105597698	105597988
2	211816962	211817259
4	140073743	140074045
9	135792273	135792539
3	140625142	140625462
6	162377903	162377992
7	166585506	166585583
1	169607343	169607657
10	12735601	12735856
3	212725029	212725073
1	59854119	59854390
3	224743982	224744281
8	4833843	4833952
1	302253669	302253957
4	243877443	243877613
5	76218319	76218590
10	144243865	144244180
5	217011518	217011820
4	60574050	60574262
8	46525417	46525737
7	131682146	131682200
3	190967457	190967792
3	190266005	190266153
4	37277227	37277333
4	176212394	176212682
1	140242330	140242597
4	4473959	4474203
7	106889396	106889655
4	102532952	102533262
5	94542654	94542898
3	31511156	31511424
3	31511156	31511424
7	144537106	144537313
1	288301656	288301960
5	64866607	64866673
5	23316605	23316827
3	129062701	129062830
5	215347474	215347539
1	237631242	237631504
3	3945822	3946120
1	35715109	35715400
1	191907719	191907986
6	151477014	151477338
3	853834	854141
4	138320772	138320833
2	20200881	20201156
4	168600741	168600894
7	130354889	130355150
4	5642384	5642497
10	142354984	142355128
1	260629910	260630211
2	158189087	158189148
1	212841319	212841473
1	31798175	31798524
1	31056070	31056337
4	126337541	126337839
1	250348738	250348806
9	39943666	39943878
4	186092188	186092495
1	18042922	18043226
6	29601451	29601707
10	80011950	80012189
6	108446370	108446408
1	60748395	60748546
10	65884466	65884538
10	106808078	106808180
1	278798199	278798426
1	57135665	57135816
9	112769504	112769636
5	65212937	65213238
5	65212937	65213238
10	58447296	58447458
9	148952370	148952676
5	86310246	86310320
8	110723636	110723743
1	9885982	9886088
9	117549097	117549330
10	121690895	121690956
10	137390924	137391025
1	197496167	197496231
4	3336245	3336405
2	236779167	236779437
4	242154871	242155065
1	284605998	284606291
7	138251328	138251603
2	160579548	160579685
3	224742169	224742470
3	229254067	229254222
3	223274759	223274852
4	128321772	128322080
4	128321772	128322080
10	119750996	119751276
5	176371897	176372175
1	64216739	64216847
7	118400388	118400555
10	134474096	134474398
4	28390761	28390931
4	150063930	150064094
5	177817995	177818088
3	174882919	174883046
5	174852094	174852204
1	247039004	247039305
5	210279828	210279918
8	62818464	62818916
8	62818464	62818916
1	254534491	254534643
5	32799322	32799623
4	173002051	173002246
5	75063383	75063458
7	110027075	110027387
7	110027075	110027387
1	232012805	232013078
3	222101327	222101438
5	5191279	5191323
5	5191279	5191323
3	54966778	54967012
5	31714214	31714489
10	118301102	118301251
5	15113121	15113420
3	224586646	224586888
9	96805726	96806010
1	277474401	277474506
1	256574226	256574463
8	104668646	104668934
1	213899852	213900251
2	19818408	19818457
7	174009616	174009710
6	166066199	166066296
9	16242556	16242944
1	220718734	220719068
8	68441538	68441641
8	70847952	70848322
8	70847952	70848322
6	166156031	166156161
5	87172978	87173073
6	83947915	83948082
5	184454898	184455033
1	191822637	191822946
9	102856532	102856792
7	163759591	163759829
8	92588440	92588495
10	19189027	19189060
6	99952516	99952808
5	198639187	198639503
4	245042292	245042447
5	102995343	102995465
5	165952101	165952378
4	138320544	138320626
4	138320544	138320626
4	56767196	56767352
5	40165513	40165584
5	40165513	40165584
2	183560464	183560611
9	113854565	113854686
9	113854565	113854686
8	148433366	148433951
2	235393957	235394173
4	213749027	213749153
6	17176204	17176259
8	157765073	157765370
9	10213620	10213771
6	165704305	165704453
3	138026392	138026670
2	31747240	31747393
1	230372971	230373082
8	13122987	13123226
7	96203109	96203392
5	23259045	23259356
1	16951857	16952007
2	128180554	128180818
2	128180554	128180818
4	165592472	165592724
4	34805656	34805773
5	210287230	210287542
2	45420172	45420465
8	11277112	11277403
8	11277112	11277403
2	236272363	236272421
5	201212225	201212364
5	201212225	201212364
8	179874753	179875050
4	168697797	168697910
5	217335518	217335810
5	116617421	116617652
3	136137293	136137392
5	5227449	5227554
2	185999285	185999347
2	196689950	196690088
10	26191490	26191898
10	26191490	26191898
10	130528088	130528196
5	187075434	187075553
3	178999605	178999902
3	95601718	95602179
3	95601718	95602179
9	84828560	84828741
1	240234280	240234560
6	78256840	78257082
5	210533172	210533478
1	195679556	195679689
2	184289096	184289181
9	146679110	146679360
3	198227235	198227526
3	198227235	198227526
1	230725340	230725585
5	35995846	35996227
6	130908933	130909224
9	30214571	30214651
6	21344514	21344768
8	56646761	56647046
8	56646761	56647046
1	142562828	142562994
1	142562828	142562994
5	198569241	198569358
10	81062174	81062468
7	133916615	133916789
3	187601895	187602072
1	155060962	155061037
4	234265332	234265400
8	141842954	141843254
8	141842954	141843254
1	245428197	245428496
3	47730854	47731126
4	203502524	203502701
4	203502524	203502701
4	232181062	232181142
2	204598347	204598679
9	152146807	152146996
4	4812146	4812444
1	117648395	117648534
8	157763320	157763607
1	49598185	49598321
9	52949839	52949981
3	99062522	99062831
2	26733090	26733228
6	145915382	145915675
9	68755469	68755696
2	90086240	90086648
5	192192206	192192258
1	293559386	293559679
3	4929200	4929454
8	143433435	143433574
8	143433435	143433574
3	198228576	198228647
3	198228576	198228647
1	17981986	17982143
4	130227495	130227651
2	21816633	21816831
10	112932399	112932560
4	231582060	231582173
7	155519968	155520405
7	149689132	149689220
2	219058629	219058791
8	139017903	139018188
8	139017903	139018188
6	172430559	172430739
6	172430559	172430739
6	138951572	138951638
6	23893945	23894112
3	11688004	11688052
10	137981027	137981330
1	232983457	232983670
10	134653906	134654197
7	37530188	37530519
4	104309379	104309683
7	168423706	168424080
5	17879703	17879795
1	258961297	258961590
9	110049752	110049916
6	150423677	150423902
4	168585832	168585957
5	31715742	31716041
2	36244405	36244597
3	18642870	18643140
6	135767823	135767925
2	238995449	238995741
7	151984776	151985071
1	180341524	180341699
8	135617217	135617401
8	135617217	135617401
3	181896395	181896496
6	168643767	168643968
2	189452809	189453109
6	125156267	125156538
5	2289644	2289784
7	7471551	7471667
4	47502932	47503039
5	3421584	3421639
5	3421584	3421639
10	135490123	135490263
4	233912896	233912965
2	225994842	225995147
3	181134861	181135144
2	198811293	198811378
6	44434626	44434872
5	135002233	135002527
5	135002233	135002527
4	87435339	87435473
5	12481288	12481573
2	11659876	11660054
2	11659876	11660054
3	34204197	34204487
6	79800730	79801028
1	73974143	73974442
1	73974143	73974442
7	157530373	157530678
8	140259969	140260076
5	34234449	34234865
8	168712393	168712535
8	168712393	168712535
7	152295108	152295403
9	127350047	127350357
3	234568628	234568785
1	47567506	47567812
1	47567506	47567812
3	195083712	195084044
1	208332573	208332869
1	208332573	208332869
10	144228545	144228605
5	179714547	179714710
5	211409680	211409861
1	266466821	266467089
5	37709087	37709240
7	181722461	181722758
7	181722461	181722758
5	174856262	174856561
5	218355601	218355684
5	218355601	218355684
3	227594436	227594744
4	174497436	174497598
4	242646702	242646997
4	10719710	10719918
3	47339273	47339415
5	152253810	152254106
4	18230530	18230620
1	227550919	227551072
3	189120743	189120806
3	27357649	27357958
4	163912394	163912663
2	211794797	211794906
4	27911811	27912107
3	188998970	188999072
8	76117885	76118006
5	215864702	215864978
3	176159163	176159222
9	130971006	130971271
1	254537222	254537520
3	64618414	64618573
1	196577999	196578308
4	202586838	202587156
9	153814292	153814551
2	91152551	91152670
2	17056027	17056226
5	161473541	161473611
5	41094094	41094380
1	303929902	303930289
6	157409543	157409662
4	139227116	139227190
5	1359690	1359845
1	293286386	293286679
4	199819929	199820040
2	194595211	194595491
5	96929649	96929813
9	97455324	97455670
8	159567954	159568246
8	159567954	159568246
2	219184342	219184645
5	7066104	7066279
3	58044293	58044357
6	75125704	75125992
2	174646162	174646471
4	231153746	231153839
1	59854478	59854527
1	59854478	59854527
2	236923436	236923491
1	306169071	306169369
1	97332971	97333148
1	97332971	97333148
6	159791215	159791566
3	2607305	2607602
7	170592614	170592913
5	8499893	8500249
10	125003666	125003972
5	194381335	194381631
9	152950109	152950412
1	223005487	223005775
1	223005487	223005775
5	11740479	11740794
10	24550943	24551200
5	208637116	208637412
10	143958324	143958425
9	158642044	158642233
4	210325796	210326090
10	76306577	76306888
3	231982886	231982979
2	204606813	204606911
4	244600730	244601037
9	152020753	152021052
9	89999412	89999569
5	54549075	54549367
5	54549075	54549367
2	178263191	178263476
3	209304014	209304187
3	209304014	209304187
3	208448999	208449056
2	188648381	188648499
9	107934322	107934453
4	196209135	196209296
9	130549332	130549484
8	112079914	112079962
8	151684682	151684732
8	151684511	151684674
10	15305956	15306054
8	151684742	151684792
6	151826130	151826290
4	243885218	243885377
4	127601173	127601226
4	176212015	176212098
4	176211695	176211790
8	22500259	22500390
2	214246044	214246104
4	239627548	239627718
B73V4_ctg203	69331	78605
2	222328832	222329001
1	199418692	199418747
7	107935719	107935829
B73V4_ctg140	327345	336222
6	81288184	81288293
B73V4_ctg207	33146	34893
10	35062420	35071617
Mt	402657	403026
Mt	400815	400890
B73V4_ctg140	313115	315322
1	190525759	190525820
2	98039853	98039916
1	199418420	199418529
7	46268882	46269053
B73V4_ctg204	10948	19527
10	51056052	51056350
1	190529226	190529324
6	81473515	81473624
7	46263078	46263505
10	35062043	35062413
B73V4_ctg136	57598	60070
B73V4_ctg140	315683	327241
7	146811632	146811696
10	48844943	48845370
10	35071624	35075117
B73V4_ctg154	17832	19889
7	46266515	46266624
B73V4_ctg154	19895	27295
B73V4_ctg204	28241	28410
7	46268331	46268444
B73V4_ctg154	27299	29517
2	157584358	157585113
9	90543356	90543531
7	46248637	46248865
10	48843047	48843156
B73V4_ctg136	1	1162
B73V4_ctg203	11563	13716
B73V4_ctg140	312662	313109
2	98040108	98040262
7	9220745	9220909
B73V4_ctg153	1078	7993
Pt	99224	99333
B73V4_ctg204	2351	10187
3	75412135	75412198
Pt	99495	99558
B73V4_ctg153	1	1058
2	98041947	98042118
B73V4_ctg154	50809	58645
2	98041397	98041510
Mt	402576	402634
B73V4_ctg204	19533	28235
4	15970083	15970316
1	105341112	105341399
4	11926306	11926409
B73V4_ctg136	1168	2912
B73V4_ctg153	7999	10095
Pt	95795	96222
7	46267042	46267196
B73V4_ctg140	336228	344981
Pt	101036	101149
10	48843573	48843727
Mt	403085	403496
B73V4_ctg154	40780	50803
2	137109773	137109917
2	157585119	157593867
B73V4_ctg136	25257	32686
B73V4_ctg203	17325	18103
2	66774895	66775066
4	61510259	61510371
B73V4_ctg207	9163	9933
Pt	99750	99904
B73V4_ctg136	55482	57578
B73V4_ctg154	1	11498
B73V4_ctg207	3	9157
B73V4_ctg153	46563	53039
2	11217536	11217614
B73V4_ctg203	78611	82450
Pt	101587	101756
4	183823606	183823766
1	299649813	299650968
7	46266787	46266850
10	48843319	48843382
8	111389330	111389462
4	71646003	71646167
4	51484279	51484325
1	222414039	222414184
2	231962626	231962804
10	4724656	4724766
10	121921811	121921863
4	202692870	202692913
6	133932637	133932691
1	282395705	282395877
4	242206456	242206550
8	149259423	149259469
7	43723801	43723847
10	66989238	66989318
5	150300514	150300607
8	145368360	145368408
4	13010555	13010594
1	227642465	227642509
5	193000116	193000333
2	148559547	148559660
1	110009419	110009706
6	131883720	131883762
1	212669314	212669445
1	225877923	225878052
7	24801178	24801222
7	180090610	180090662
3	9744573	9744619
1	19465818	19465903
6	161157126	161157286
4	191515368	191515456
1	16367504	16367553
1	205872167	205872314
6	88049353	88049537
2	160790223	160790290
10	19560007	19560058
1	248109883	248109929
7	11691347	11691385
4	166122846	166122988
5	179609988	179610142
1	77167187	77167235
1	50335261	50335401
2	190307646	190307712
7	132521716	132521763
5	166651311	166651353
8	43160057	43160101
9	10968609	10968688
4	242205163	242205257
7	140433850	140433896
4	166285597	166285785
9	5116500	5116641
4	30419154	30419243
4	195893086	195893226
1	82684607	82684653
5	50008806	50008850
4	16220592	16220639
1	212313947	212314104
3	17362701	17362761
5	176004731	176004811
B73V4_ctg174	32390	32445
9	157606863	157607006
1	66394178	66394273
9	50648797	50648931
7	21707889	21708029
4	193228363	193228460
4	147376785	147376841
6	120826159	120826306
4	220552874	220552996
10	121921690	121921807
6	119255250	119255294
8	105833600	105833747
3	141368691	141368810
1	14212805	14212895
5	180574449	180574501
4	67437387	67437543
7	174606670	174606716
1	6873482	6873528
1	207513595	207513742
4	190489036	190489153
10	110782960	110783018
1	214506481	214506527
4	145783518	145783672
6	119896113	119896154
7	21681952	21682121
6	146568248	146568384
2	30384297	30384437
2	202812877	202812958
2	230046390	230046533
7	180090469	180090578
8	114406316	114406422
9	35769636	35769681
6	119895947	119896069
6	77791643	77791783
4	235833174	235833309
1	177899513	177899607
4	7955479	7955606
4	193270613	193270711
3	129353270	129353417
1	1541854	1541930
7	138450589	138450640
4	30464590	30464681
9	142102940	142103056
